<?xml version="1.0" encoding="UTF-8"?>
<project-private xmlns="http://www.netbeans.org/ns/project-private/1">
    <editor-bookmarks xmlns="http://www.netbeans.org/ns/editor-bookmarks/2" lastBookmarkId="0"/>
    <open-files xmlns="http://www.netbeans.org/ns/projectui-open-files/2">
        <group>
            <file>file:/C:/Users/Clinton/Documents/NetBeansProjects/PracticeGUI/src/practicegui/CreateReport.java</file>
            <file>file:/C:/Users/Clinton/Documents/NetBeansProjects/PracticeGUI/src/practicegui/PracticeGUI.java</file>
            <file>file:/C:/Users/Clinton/Documents/NetBeansProjects/PracticeGUI/src/practicegui/User.java</file>
            <file>file:/C:/Users/Clinton/Documents/NetBeansProjects/PracticeGUI/src/practicegui/userType.java</file>
            <file>file:/C:/Users/Clinton/Documents/NetBeansProjects/PracticeGUI/src/practicegui/ViewAppointment.java</file>
            <file>file:/C:/Users/Clinton/Documents/NetBeansProjects/PracticeGUI/src/practicegui/HomeScreen.java</file>
            <file>file:/C:/Users/Clinton/Documents/NetBeansProjects/PracticeGUI/src/practicegui/CreateUser.java</file>
            <file>file:/C:/Users/Clinton/Documents/NetBeansProjects/PracticeGUI/src/practicegui/Report.java</file>
        </group>
    </open-files>
</project-private>
